{
  "feature_importance": {
    "motion_energy": 0.0897064682829886,
    "motion_peak": 0.045393227049826325,
    "motion_variance": 0.03508660185612737,
    "blur": 0.0225554143166455,
    "brightness": 0.032752274831021874,
    "brightness_std": 0.021150278236959308,
    "face_visibility": 0.02004932353258808,
    "face_detected": 0.0020916342752045403,
    "smile": 0.30318781737967465,
    "mouth_open": 0.07328782784838295,
    "eye_contact": 0.15526417293268968,
    "pupil_left": 0.013641937491550711,
    "pupil_right": 0.023747297427369335,
    "head_yaw": 0.017625384366245434,
    "head_pitch": 0.032626904154685804,
    "head_roll": 0.033774824068918456,
    "face_symmetry": 0.026977449354539374,
    "face_clarity": 0.051081162594582084
  },
  "cv_score": 0.1647750886126142,
  "train_score": 0.8486563103015738,
  "test_score": 0.45859208314966693,
  "n_samples": 100,
  "n_features": 18,
  "model_type": "random_forest",
  "feature_names": [
    "motion_energy",
    "motion_peak",
    "motion_variance",
    "blur",
    "brightness",
    "brightness_std",
    "face_visibility",
    "face_detected",
    "smile",
    "mouth_open",
    "eye_contact",
    "pupil_left",
    "pupil_right",
    "head_yaw",
    "head_pitch",
    "head_roll",
    "face_symmetry",
    "face_clarity"
  ]
}